<?xml version="1.0" encoding="UTF-8"?>
<GenRun Id="sine_high_synth_1" LaunchPart="xc7a200tfbg676-2" LaunchTime="1741195297">
  <File Type="PA-TCL" Name="sine_high.tcl"/>
  <File Type="REPORTS-TCL" Name="sine_high_reports.tcl"/>
  <File Type="RDS-RDS" Name="sine_high.vds"/>
  <File Type="RDS-UTIL" Name="sine_high_utilization_synth.rpt"/>
  <File Type="RDS-UTIL-PB" Name="sine_high_utilization_synth.pb"/>
  <File Type="RDS-DCP" Name="sine_high.dcp"/>
  <FileSet Name="sources" Type="BlockSrcs" RelSrcDir="$PSRCDIR/sine_high" RelGenDir="$PGENDIR/sine_high">
    <File Path="$PSRCDIR/sources_1/ip/sine_high/sine_high.xci">
      <FileInfo>
        <Attr Name="UsedIn" Val="synthesis"/>
        <Attr Name="UsedIn" Val="implementation"/>
        <Attr Name="UsedIn" Val="simulation"/>
      </FileInfo>
    </File>
    <Config>
      <Option Name="TopModule" Val="sine_high"/>
      <Option Name="UseBlackboxStub" Val="1"/>
    </Config>
  </FileSet>
  <FileSet Name="constrs_in" Type="BlockSrcs" RelSrcDir="$PSRCDIR/sine_high" RelGenDir="$PGENDIR/sine_high">
    <File Path="$PSRCDIR/sources_1/ip/sine_high/sine_high.xci">
      <FileInfo>
        <Attr Name="UsedIn" Val="synthesis"/>
        <Attr Name="UsedIn" Val="implementation"/>
        <Attr Name="UsedIn" Val="simulation"/>
      </FileInfo>
    </File>
    <Config>
      <Option Name="TopModule" Val="sine_high"/>
      <Option Name="UseBlackboxStub" Val="1"/>
    </Config>
  </FileSet>
  <FileSet Name="utils" Type="Utils" RelSrcDir="$PSRCDIR/utils_1" RelGenDir="$PGENDIR/utils_1">
    <Filter Type="Utils"/>
    <Config>
      <Option Name="TopAutoSet" Val="TRUE"/>
    </Config>
  </FileSet>
  <Strategy Version="1" Minor="2">
    <StratHandle Name="Vivado Synthesis Defaults" Flow="Vivado Synthesis 2023"/>
    <Step Id="synth_design"/>
  </Strategy>
</GenRun>
